"transcript","words_alignedWord","words_case",words_end,words_endOffset,words_phones_duration,"words_phones_phone",words_start,words_startOffset,"words_word"
"as a former basketball player football player and youth coach I love all aspects of sports and have a genuine passion for discussing for this thanks for your time I'll see you next Tuesday in the arena I'm Nathan Montford hashtag living the dream","as","success",1.15,2,0.11,"ae_B",0.97,0,"as"
"as a former basketball player football player and youth coach I love all aspects of sports and have a genuine passion for discussing for this thanks for your time I'll see you next Tuesday in the arena I'm Nathan Montford hashtag living the dream","a","success",1.21,4,0.07,"z_E",1.15,3,"a"
"as a former basketball player football player and youth coach I love all aspects of sports and have a genuine passion for discussing for this thanks for your time I'll see you next Tuesday in the arena I'm Nathan Montford hashtag living the dream","former","success",1.53,11,0.06,"ah_S",1.21,5,"former"
"as a former basketball player football player and youth coach I love all aspects of sports and have a genuine passion for discussing for this thanks for your time I'll see you next Tuesday in the arena I'm Nathan Montford hashtag living the dream","basketball","success",2.13,22,0.06,"f_B",1.53,12,"basketball"
"as a former basketball player football player and youth coach I love all aspects of sports and have a genuine passion for discussing for this thanks for your time I'll see you next Tuesday in the arena I'm Nathan Montford hashtag living the dream","player","success",2.62,29,0.07,"ao_I",2.13,23,"player"
"as a former basketball player football player and youth coach I love all aspects of sports and have a genuine passion for discussing for this thanks for your time I'll see you next Tuesday in the arena I'm Nathan Montford hashtag living the dream","football","success",3.16,38,0.06,"r_I",2.7,30,"football"
"as a former basketball player football player and youth coach I love all aspects of sports and have a genuine passion for discussing for this thanks for your time I'll see you next Tuesday in the arena I'm Nathan Montford hashtag living the dream","player","success",3.54,45,0.07,"m_I",3.16,39,"player"
"as a former basketball player football player and youth coach I love all aspects of sports and have a genuine passion for discussing for this thanks for your time I'll see you next Tuesday in the arena I'm Nathan Montford hashtag living the dream","and","success",3.71,49,0.06,"er_E",3.56,46,"and"
"as a former basketball player football player and youth coach I love all aspects of sports and have a genuine passion for discussing for this thanks for your time I'll see you next Tuesday in the arena I'm Nathan Montford hashtag living the dream","youth","success",3.95,55,0.1,"b_B",3.71,50,"youth"
"as a former basketball player football player and youth coach I love all aspects of sports and have a genuine passion for discussing for this thanks for your time I'll see you next Tuesday in the arena I'm Nathan Montford hashtag living the dream","coach","success",4.42,61,0.12,"ae_I",3.95,56,"coach"
"as a former basketball player football player and youth coach I love all aspects of sports and have a genuine passion for discussing for this thanks for your time I'll see you next Tuesday in the arena I'm Nathan Montford hashtag living the dream","i","success",5.68,63,0.08,"s_I",5.58,62,"I"
"as a former basketball player football player and youth coach I love all aspects of sports and have a genuine passion for discussing for this thanks for your time I'll see you next Tuesday in the arena I'm Nathan Montford hashtag living the dream","love","success",5.92,68,0.05,"k_I",5.68,64,"love"
"as a former basketball player football player and youth coach I love all aspects of sports and have a genuine passion for discussing for this thanks for your time I'll see you next Tuesday in the arena I'm Nathan Montford hashtag living the dream","all","success",6.21,72,0.04,"ah_I",5.93,69,"all"
"as a former basketball player football player and youth coach I love all aspects of sports and have a genuine passion for discussing for this thanks for your time I'll see you next Tuesday in the arena I'm Nathan Montford hashtag living the dream","aspects","success",6.710000000000001,80,0.04,"t_I",6.23,73,"aspects"
"as a former basketball player football player and youth coach I love all aspects of sports and have a genuine passion for discussing for this thanks for your time I'll see you next Tuesday in the arena I'm Nathan Montford hashtag living the dream","of","success",6.82,83,0.03,"b_I",6.71,81,"of"
"as a former basketball player football player and youth coach I love all aspects of sports and have a genuine passion for discussing for this thanks for your time I'll see you next Tuesday in the arena I'm Nathan Montford hashtag living the dream","sports","success",7.380000000000001,90,0.08,"ao_I",6.82,84,"sports"
"as a former basketball player football player and youth coach I love all aspects of sports and have a genuine passion for discussing for this thanks for your time I'll see you next Tuesday in the arena I'm Nathan Montford hashtag living the dream","and","success",8.0,94,0.06,"l_E",7.84,91,"and"
"as a former basketball player football player and youth coach I love all aspects of sports and have a genuine passion for discussing for this thanks for your time I'll see you next Tuesday in the arena I'm Nathan Montford hashtag living the dream","have","success",8.17,99,0.09,"p_B",8.0,95,"have"
"as a former basketball player football player and youth coach I love all aspects of sports and have a genuine passion for discussing for this thanks for your time I'll see you next Tuesday in the arena I'm Nathan Montford hashtag living the dream","a","success",8.23,101,0.1,"l_I",8.17,100,"a"
"as a former basketball player football player and youth coach I love all aspects of sports and have a genuine passion for discussing for this thanks for your time I'll see you next Tuesday in the arena I'm Nathan Montford hashtag living the dream","genuine","success",8.75,109,0.09,"ey_I",8.23,102,"genuine"
"as a former basketball player football player and youth coach I love all aspects of sports and have a genuine passion for discussing for this thanks for your time I'll see you next Tuesday in the arena I'm Nathan Montford hashtag living the dream","passion","success",9.2,117,0.21,"er_E",8.75,110,"passion"
"as a former basketball player football player and youth coach I love all aspects of sports and have a genuine passion for discussing for this thanks for your time I'll see you next Tuesday in the arena I'm Nathan Montford hashtag living the dream","for","success",9.299999999999999,121,0.15,"f_B",9.2,118,"for"
"as a former basketball player football player and youth coach I love all aspects of sports and have a genuine passion for discussing for this thanks for your time I'll see you next Tuesday in the arena I'm Nathan Montford hashtag living the dream","discussing","success",10.07,132,0.07,"uh_I",9.3,122,"discussing"
"as a former basketball player football player and youth coach I love all aspects of sports and have a genuine passion for discussing for this thanks for your time I'll see you next Tuesday in the arena I'm Nathan Montford hashtag living the dream","for","success",11.059999999999999,136,0.05,"t_I",11.04,133,"for"
"as a former basketball player football player and youth coach I love all aspects of sports and have a genuine passion for discussing for this thanks for your time I'll see you next Tuesday in the arena I'm Nathan Montford hashtag living the dream","your","not-found-in-audio",11.089998999999999,141,0.05,"b_I",11.059999,137,"this"
"as a former basketball player football player and youth coach I love all aspects of sports and have a genuine passion for discussing for this thanks for your time I'll see you next Tuesday in the arena I'm Nathan Montford hashtag living the dream","time","not-found-in-audio",11.47,148,0.07,"ao_I",11.34,142,"thanks"
"as a former basketball player football player and youth coach I love all aspects of sports and have a genuine passion for discussing for this thanks for your time I'll see you next Tuesday in the arena I'm Nathan Montford hashtag living the dream","i'll","not-found-in-audio",11.489999,152,0.07,"l_E",11.469999,149,"for"
"as a former basketball player football player and youth coach I love all aspects of sports and have a genuine passion for discussing for this thanks for your time I'll see you next Tuesday in the arena I'm Nathan Montford hashtag living the dream","see","success",11.52,157,0.09,"p_B",11.49,153,"your"
"as a former basketball player football player and youth coach I love all aspects of sports and have a genuine passion for discussing for this thanks for your time I'll see you next Tuesday in the arena I'm Nathan Montford hashtag living the dream","you","success",12.569999,162,0.1,"l_I",12.309999,158,"time"
"as a former basketball player football player and youth coach I love all aspects of sports and have a genuine passion for discussing for this thanks for your time I'll see you next Tuesday in the arena I'm Nathan Montford hashtag living the dream","next","success",13.179998999999999,167,0.08,"ey_I",13.139999,163,"I'll"
"as a former basketball player football player and youth coach I love all aspects of sports and have a genuine passion for discussing for this thanks for your time I'll see you next Tuesday in the arena I'm Nathan Montford hashtag living the dream","tuesday","success",13.299999,171,0.11,"er_E",13.179999,168,"see"
"as a former basketball player football player and youth coach I love all aspects of sports and have a genuine passion for discussing for this thanks for your time I'll see you next Tuesday in the arena I'm Nathan Montford hashtag living the dream","in","success",13.349999,175,0.06,"ae_B",13.299999,172,"you"
"as a former basketball player football player and youth coach I love all aspects of sports and have a genuine passion for discussing for this thanks for your time I'll see you next Tuesday in the arena I'm Nathan Montford hashtag living the dream","the","success",13.469999,180,0.05,"n_I",13.389999,176,"next"
"as a former basketball player football player and youth coach I love all aspects of sports and have a genuine passion for discussing for this thanks for your time I'll see you next Tuesday in the arena I'm Nathan Montford hashtag living the dream","arena","success",21.84,188,0.04,"d_E",21.44,181,"Tuesday"
"as a former basketball player football player and youth coach I love all aspects of sports and have a genuine passion for discussing for this thanks for your time I'll see you next Tuesday in the arena I'm Nathan Montford hashtag living the dream","i'm","success",22.39,191,0.05,"y_B",22.16,189,"in"
"as a former basketball player football player and youth coach I love all aspects of sports and have a genuine passion for discussing for this thanks for your time I'll see you next Tuesday in the arena I'm Nathan Montford hashtag living the dream","nathan","success",22.740000000000002,195,0.12,"uw_I",22.39,192,"the"
"as a former basketball player football player and youth coach I love all aspects of sports and have a genuine passion for discussing for this thanks for your time I'll see you next Tuesday in the arena I'm Nathan Montford hashtag living the dream","<unk>","success",23.21,201,0.07,"th_E",22.740000000000002,196,"arena"
"as a former basketball player football player and youth coach I love all aspects of sports and have a genuine passion for discussing for this thanks for your time I'll see you next Tuesday in the arena I'm Nathan Montford hashtag living the dream","<unk>","success",24.3,205,0.07,"k_B",23.61,202,"I'm"
"as a former basketball player football player and youth coach I love all aspects of sports and have a genuine passion for discussing for this thanks for your time I'll see you next Tuesday in the arena I'm Nathan Montford hashtag living the dream","living","success",24.77,212,0.19,"ow_I",24.43,206,"Nathan"
"as a former basketball player football player and youth coach I love all aspects of sports and have a genuine passion for discussing for this thanks for your time I'll see you next Tuesday in the arena I'm Nathan Montford hashtag living the dream","the","success",24.89,221,0.21,"ch_E",24.78,213,"Montford"
"as a former basketball player football player and youth coach I love all aspects of sports and have a genuine passion for discussing for this thanks for your time I'll see you next Tuesday in the arena I'm Nathan Montford hashtag living the dream","dream","success",25.29,229,0.1,"ay_S",24.89,222,"hashtag"
"as a former basketball player football player and youth coach I love all aspects of sports and have a genuine passion for discussing for this thanks for your time I'll see you next Tuesday in the arena I'm Nathan Montford hashtag living the dream",NULL,"success",NULL,236,0.11,"l_B",NULL,230,"living"
"as a former basketball player football player and youth coach I love all aspects of sports and have a genuine passion for discussing for this thanks for your time I'll see you next Tuesday in the arena I'm Nathan Montford hashtag living the dream",NULL,"success",NULL,240,0.06,"ah_I",NULL,237,"the"
"as a former basketball player football player and youth coach I love all aspects of sports and have a genuine passion for discussing for this thanks for your time I'll see you next Tuesday in the arena I'm Nathan Montford hashtag living the dream",NULL,"success",NULL,246,0.07,"v_E",NULL,241,"dream"
"as a former basketball player football player and youth coach I love all aspects of sports and have a genuine passion for discussing for this thanks for your time I'll see you next Tuesday in the arena I'm Nathan Montford hashtag living the dream",NULL,NULL,NULL,NULL,0.15,"ao_B",NULL,NULL,NULL
"as a former basketball player football player and youth coach I love all aspects of sports and have a genuine passion for discussing for this thanks for your time I'll see you next Tuesday in the arena I'm Nathan Montford hashtag living the dream",NULL,NULL,NULL,NULL,0.13,"l_E",NULL,NULL,NULL
"as a former basketball player football player and youth coach I love all aspects of sports and have a genuine passion for discussing for this thanks for your time I'll see you next Tuesday in the arena I'm Nathan Montford hashtag living the dream",NULL,NULL,NULL,NULL,0.17,"ae_B",NULL,NULL,NULL
"as a former basketball player football player and youth coach I love all aspects of sports and have a genuine passion for discussing for this thanks for your time I'll see you next Tuesday in the arena I'm Nathan Montford hashtag living the dream",NULL,NULL,NULL,NULL,0.08,"s_I",NULL,NULL,NULL
"as a former basketball player football player and youth coach I love all aspects of sports and have a genuine passion for discussing for this thanks for your time I'll see you next Tuesday in the arena I'm Nathan Montford hashtag living the dream",NULL,NULL,NULL,NULL,0.06,"p_I",NULL,NULL,NULL
"as a former basketball player football player and youth coach I love all aspects of sports and have a genuine passion for discussing for this thanks for your time I'll see you next Tuesday in the arena I'm Nathan Montford hashtag living the dream",NULL,NULL,NULL,NULL,0.06,"eh_I",NULL,NULL,NULL
"as a former basketball player football player and youth coach I love all aspects of sports and have a genuine passion for discussing for this thanks for your time I'll see you next Tuesday in the arena I'm Nathan Montford hashtag living the dream",NULL,NULL,NULL,NULL,0.04,"k_I",NULL,NULL,NULL
"as a former basketball player football player and youth coach I love all aspects of sports and have a genuine passion for discussing for this thanks for your time I'll see you next Tuesday in the arena I'm Nathan Montford hashtag living the dream",NULL,NULL,NULL,NULL,0.03,"t_I",NULL,NULL,NULL
"as a former basketball player football player and youth coach I love all aspects of sports and have a genuine passion for discussing for this thanks for your time I'll see you next Tuesday in the arena I'm Nathan Montford hashtag living the dream",NULL,NULL,NULL,NULL,0.04,"s_E",NULL,NULL,NULL
"as a former basketball player football player and youth coach I love all aspects of sports and have a genuine passion for discussing for this thanks for your time I'll see you next Tuesday in the arena I'm Nathan Montford hashtag living the dream",NULL,NULL,NULL,NULL,0.05,"ah_B",NULL,NULL,NULL
"as a former basketball player football player and youth coach I love all aspects of sports and have a genuine passion for discussing for this thanks for your time I'll see you next Tuesday in the arena I'm Nathan Montford hashtag living the dream",NULL,NULL,NULL,NULL,0.06,"v_E",NULL,NULL,NULL
"as a former basketball player football player and youth coach I love all aspects of sports and have a genuine passion for discussing for this thanks for your time I'll see you next Tuesday in the arena I'm Nathan Montford hashtag living the dream",NULL,NULL,NULL,NULL,0.07,"s_B",NULL,NULL,NULL
"as a former basketball player football player and youth coach I love all aspects of sports and have a genuine passion for discussing for this thanks for your time I'll see you next Tuesday in the arena I'm Nathan Montford hashtag living the dream",NULL,NULL,NULL,NULL,0.08,"p_I",NULL,NULL,NULL
"as a former basketball player football player and youth coach I love all aspects of sports and have a genuine passion for discussing for this thanks for your time I'll see you next Tuesday in the arena I'm Nathan Montford hashtag living the dream",NULL,NULL,NULL,NULL,0.1,"ao_I",NULL,NULL,NULL
"as a former basketball player football player and youth coach I love all aspects of sports and have a genuine passion for discussing for this thanks for your time I'll see you next Tuesday in the arena I'm Nathan Montford hashtag living the dream",NULL,NULL,NULL,NULL,0.05,"r_I",NULL,NULL,NULL
"as a former basketball player football player and youth coach I love all aspects of sports and have a genuine passion for discussing for this thanks for your time I'll see you next Tuesday in the arena I'm Nathan Montford hashtag living the dream",NULL,NULL,NULL,NULL,0.08,"t_I",NULL,NULL,NULL
"as a former basketball player football player and youth coach I love all aspects of sports and have a genuine passion for discussing for this thanks for your time I'll see you next Tuesday in the arena I'm Nathan Montford hashtag living the dream",NULL,NULL,NULL,NULL,0.18,"s_E",NULL,NULL,NULL
"as a former basketball player football player and youth coach I love all aspects of sports and have a genuine passion for discussing for this thanks for your time I'll see you next Tuesday in the arena I'm Nathan Montford hashtag living the dream",NULL,NULL,NULL,NULL,0.06,"ae_B",NULL,NULL,NULL
"as a former basketball player football player and youth coach I love all aspects of sports and have a genuine passion for discussing for this thanks for your time I'll see you next Tuesday in the arena I'm Nathan Montford hashtag living the dream",NULL,NULL,NULL,NULL,0.05,"n_I",NULL,NULL,NULL
"as a former basketball player football player and youth coach I love all aspects of sports and have a genuine passion for discussing for this thanks for your time I'll see you next Tuesday in the arena I'm Nathan Montford hashtag living the dream",NULL,NULL,NULL,NULL,0.05,"d_E",NULL,NULL,NULL
"as a former basketball player football player and youth coach I love all aspects of sports and have a genuine passion for discussing for this thanks for your time I'll see you next Tuesday in the arena I'm Nathan Montford hashtag living the dream",NULL,NULL,NULL,NULL,0.05,"hh_B",NULL,NULL,NULL
"as a former basketball player football player and youth coach I love all aspects of sports and have a genuine passion for discussing for this thanks for your time I'll see you next Tuesday in the arena I'm Nathan Montford hashtag living the dream",NULL,NULL,NULL,NULL,0.06,"ae_I",NULL,NULL,NULL
"as a former basketball player football player and youth coach I love all aspects of sports and have a genuine passion for discussing for this thanks for your time I'll see you next Tuesday in the arena I'm Nathan Montford hashtag living the dream",NULL,NULL,NULL,NULL,0.06,"v_E",NULL,NULL,NULL
"as a former basketball player football player and youth coach I love all aspects of sports and have a genuine passion for discussing for this thanks for your time I'll see you next Tuesday in the arena I'm Nathan Montford hashtag living the dream",NULL,NULL,NULL,NULL,0.06,"ah_S",NULL,NULL,NULL
"as a former basketball player football player and youth coach I love all aspects of sports and have a genuine passion for discussing for this thanks for your time I'll see you next Tuesday in the arena I'm Nathan Montford hashtag living the dream",NULL,NULL,NULL,NULL,0.13,"jh_B",NULL,NULL,NULL
"as a former basketball player football player and youth coach I love all aspects of sports and have a genuine passion for discussing for this thanks for your time I'll see you next Tuesday in the arena I'm Nathan Montford hashtag living the dream",NULL,NULL,NULL,NULL,0.08,"eh_I",NULL,NULL,NULL
"as a former basketball player football player and youth coach I love all aspects of sports and have a genuine passion for discussing for this thanks for your time I'll see you next Tuesday in the arena I'm Nathan Montford hashtag living the dream",NULL,NULL,NULL,NULL,0.03,"n_I",NULL,NULL,NULL
"as a former basketball player football player and youth coach I love all aspects of sports and have a genuine passion for discussing for this thanks for your time I'll see you next Tuesday in the arena I'm Nathan Montford hashtag living the dream",NULL,NULL,NULL,NULL,0.07,"y_I",NULL,NULL,NULL
"as a former basketball player football player and youth coach I love all aspects of sports and have a genuine passion for discussing for this thanks for your time I'll see you next Tuesday in the arena I'm Nathan Montford hashtag living the dream",NULL,NULL,NULL,NULL,0.04,"ah_I",NULL,NULL,NULL
"as a former basketball player football player and youth coach I love all aspects of sports and have a genuine passion for discussing for this thanks for your time I'll see you next Tuesday in the arena I'm Nathan Montford hashtag living the dream",NULL,NULL,NULL,NULL,0.03,"w_I",NULL,NULL,NULL
"as a former basketball player football player and youth coach I love all aspects of sports and have a genuine passion for discussing for this thanks for your time I'll see you next Tuesday in the arena I'm Nathan Montford hashtag living the dream",NULL,NULL,NULL,NULL,0.06,"ah_I",NULL,NULL,NULL
"as a former basketball player football player and youth coach I love all aspects of sports and have a genuine passion for discussing for this thanks for your time I'll see you next Tuesday in the arena I'm Nathan Montford hashtag living the dream",NULL,NULL,NULL,NULL,0.08,"n_E",NULL,NULL,NULL
"as a former basketball player football player and youth coach I love all aspects of sports and have a genuine passion for discussing for this thanks for your time I'll see you next Tuesday in the arena I'm Nathan Montford hashtag living the dream",NULL,NULL,NULL,NULL,0.1,"p_B",NULL,NULL,NULL
"as a former basketball player football player and youth coach I love all aspects of sports and have a genuine passion for discussing for this thanks for your time I'll see you next Tuesday in the arena I'm Nathan Montford hashtag living the dream",NULL,NULL,NULL,NULL,0.15,"ae_I",NULL,NULL,NULL
"as a former basketball player football player and youth coach I love all aspects of sports and have a genuine passion for discussing for this thanks for your time I'll see you next Tuesday in the arena I'm Nathan Montford hashtag living the dream",NULL,NULL,NULL,NULL,0.06,"sh_I",NULL,NULL,NULL
"as a former basketball player football player and youth coach I love all aspects of sports and have a genuine passion for discussing for this thanks for your time I'll see you next Tuesday in the arena I'm Nathan Montford hashtag living the dream",NULL,NULL,NULL,NULL,0.07,"ah_I",NULL,NULL,NULL
"as a former basketball player football player and youth coach I love all aspects of sports and have a genuine passion for discussing for this thanks for your time I'll see you next Tuesday in the arena I'm Nathan Montford hashtag living the dream",NULL,NULL,NULL,NULL,0.07,"n_E",NULL,NULL,NULL
"as a former basketball player football player and youth coach I love all aspects of sports and have a genuine passion for discussing for this thanks for your time I'll see you next Tuesday in the arena I'm Nathan Montford hashtag living the dream",NULL,NULL,NULL,NULL,0.05,"f_B",NULL,NULL,NULL
"as a former basketball player football player and youth coach I love all aspects of sports and have a genuine passion for discussing for this thanks for your time I'll see you next Tuesday in the arena I'm Nathan Montford hashtag living the dream",NULL,NULL,NULL,NULL,0.05,"er_E",NULL,NULL,NULL
"as a former basketball player football player and youth coach I love all aspects of sports and have a genuine passion for discussing for this thanks for your time I'll see you next Tuesday in the arena I'm Nathan Montford hashtag living the dream",NULL,NULL,NULL,NULL,0.06,"d_B",NULL,NULL,NULL
"as a former basketball player football player and youth coach I love all aspects of sports and have a genuine passion for discussing for this thanks for your time I'll see you next Tuesday in the arena I'm Nathan Montford hashtag living the dream",NULL,NULL,NULL,NULL,0.07,"ih_I",NULL,NULL,NULL
"as a former basketball player football player and youth coach I love all aspects of sports and have a genuine passion for discussing for this thanks for your time I'll see you next Tuesday in the arena I'm Nathan Montford hashtag living the dream",NULL,NULL,NULL,NULL,0.09,"s_I",NULL,NULL,NULL
"as a former basketball player football player and youth coach I love all aspects of sports and have a genuine passion for discussing for this thanks for your time I'll see you next Tuesday in the arena I'm Nathan Montford hashtag living the dream",NULL,NULL,NULL,NULL,0.07,"k_I",NULL,NULL,NULL
"as a former basketball player football player and youth coach I love all aspects of sports and have a genuine passion for discussing for this thanks for your time I'll see you next Tuesday in the arena I'm Nathan Montford hashtag living the dream",NULL,NULL,NULL,NULL,0.07,"ah_I",NULL,NULL,NULL
"as a former basketball player football player and youth coach I love all aspects of sports and have a genuine passion for discussing for this thanks for your time I'll see you next Tuesday in the arena I'm Nathan Montford hashtag living the dream",NULL,NULL,NULL,NULL,0.08,"s_I",NULL,NULL,NULL
"as a former basketball player football player and youth coach I love all aspects of sports and have a genuine passion for discussing for this thanks for your time I'll see you next Tuesday in the arena I'm Nathan Montford hashtag living the dream",NULL,NULL,NULL,NULL,0.05,"ih_I",NULL,NULL,NULL
"as a former basketball player football player and youth coach I love all aspects of sports and have a genuine passion for discussing for this thanks for your time I'll see you next Tuesday in the arena I'm Nathan Montford hashtag living the dream",NULL,NULL,NULL,NULL,0.28,"ng_E",NULL,NULL,NULL
"as a former basketball player football player and youth coach I love all aspects of sports and have a genuine passion for discussing for this thanks for your time I'll see you next Tuesday in the arena I'm Nathan Montford hashtag living the dream",NULL,NULL,NULL,NULL,0.01,"f_B",NULL,NULL,NULL
"as a former basketball player football player and youth coach I love all aspects of sports and have a genuine passion for discussing for this thanks for your time I'll see you next Tuesday in the arena I'm Nathan Montford hashtag living the dream",NULL,NULL,NULL,NULL,0.01,"er_E",NULL,NULL,NULL
"as a former basketball player football player and youth coach I love all aspects of sports and have a genuine passion for discussing for this thanks for your time I'll see you next Tuesday in the arena I'm Nathan Montford hashtag living the dream",NULL,NULL,NULL,NULL,0.01,"y_B",NULL,NULL,NULL
"as a former basketball player football player and youth coach I love all aspects of sports and have a genuine passion for discussing for this thanks for your time I'll see you next Tuesday in the arena I'm Nathan Montford hashtag living the dream",NULL,NULL,NULL,NULL,0.01,"uh_I",NULL,NULL,NULL
"as a former basketball player football player and youth coach I love all aspects of sports and have a genuine passion for discussing for this thanks for your time I'll see you next Tuesday in the arena I'm Nathan Montford hashtag living the dream",NULL,NULL,NULL,NULL,0.01,"r_E",NULL,NULL,NULL
"as a former basketball player football player and youth coach I love all aspects of sports and have a genuine passion for discussing for this thanks for your time I'll see you next Tuesday in the arena I'm Nathan Montford hashtag living the dream",NULL,NULL,NULL,NULL,0.06,"t_B",NULL,NULL,NULL
"as a former basketball player football player and youth coach I love all aspects of sports and have a genuine passion for discussing for this thanks for your time I'll see you next Tuesday in the arena I'm Nathan Montford hashtag living the dream",NULL,NULL,NULL,NULL,0.06,"ay_I",NULL,NULL,NULL
"as a former basketball player football player and youth coach I love all aspects of sports and have a genuine passion for discussing for this thanks for your time I'll see you next Tuesday in the arena I'm Nathan Montford hashtag living the dream",NULL,NULL,NULL,NULL,0.01,"m_E",NULL,NULL,NULL
"as a former basketball player football player and youth coach I love all aspects of sports and have a genuine passion for discussing for this thanks for your time I'll see you next Tuesday in the arena I'm Nathan Montford hashtag living the dream",NULL,NULL,NULL,NULL,0.01,"ay_B",NULL,NULL,NULL
"as a former basketball player football player and youth coach I love all aspects of sports and have a genuine passion for discussing for this thanks for your time I'll see you next Tuesday in the arena I'm Nathan Montford hashtag living the dream",NULL,NULL,NULL,NULL,0.01,"l_E",NULL,NULL,NULL
"as a former basketball player football player and youth coach I love all aspects of sports and have a genuine passion for discussing for this thanks for your time I'll see you next Tuesday in the arena I'm Nathan Montford hashtag living the dream",NULL,NULL,NULL,NULL,0.01,"s_B",NULL,NULL,NULL
"as a former basketball player football player and youth coach I love all aspects of sports and have a genuine passion for discussing for this thanks for your time I'll see you next Tuesday in the arena I'm Nathan Montford hashtag living the dream",NULL,NULL,NULL,NULL,0.02,"iy_E",NULL,NULL,NULL
"as a former basketball player football player and youth coach I love all aspects of sports and have a genuine passion for discussing for this thanks for your time I'll see you next Tuesday in the arena I'm Nathan Montford hashtag living the dream",NULL,NULL,NULL,NULL,0.11,"y_B",NULL,NULL,NULL
"as a former basketball player football player and youth coach I love all aspects of sports and have a genuine passion for discussing for this thanks for your time I'll see you next Tuesday in the arena I'm Nathan Montford hashtag living the dream",NULL,NULL,NULL,NULL,0.15,"uw_E",NULL,NULL,NULL
"as a former basketball player football player and youth coach I love all aspects of sports and have a genuine passion for discussing for this thanks for your time I'll see you next Tuesday in the arena I'm Nathan Montford hashtag living the dream",NULL,NULL,NULL,NULL,0.01,"n_B",NULL,NULL,NULL
"as a former basketball player football player and youth coach I love all aspects of sports and have a genuine passion for discussing for this thanks for your time I'll see you next Tuesday in the arena I'm Nathan Montford hashtag living the dream",NULL,NULL,NULL,NULL,0.01,"eh_I",NULL,NULL,NULL
"as a former basketball player football player and youth coach I love all aspects of sports and have a genuine passion for discussing for this thanks for your time I'll see you next Tuesday in the arena I'm Nathan Montford hashtag living the dream",NULL,NULL,NULL,NULL,0.01,"k_I",NULL,NULL,NULL
"as a former basketball player football player and youth coach I love all aspects of sports and have a genuine passion for discussing for this thanks for your time I'll see you next Tuesday in the arena I'm Nathan Montford hashtag living the dream",NULL,NULL,NULL,NULL,0.01,"s_E",NULL,NULL,NULL
"as a former basketball player football player and youth coach I love all aspects of sports and have a genuine passion for discussing for this thanks for your time I'll see you next Tuesday in the arena I'm Nathan Montford hashtag living the dream",NULL,NULL,NULL,NULL,0.01,"t_B",NULL,NULL,NULL
"as a former basketball player football player and youth coach I love all aspects of sports and have a genuine passion for discussing for this thanks for your time I'll see you next Tuesday in the arena I'm Nathan Montford hashtag living the dream",NULL,NULL,NULL,NULL,0.01,"uw_I",NULL,NULL,NULL
"as a former basketball player football player and youth coach I love all aspects of sports and have a genuine passion for discussing for this thanks for your time I'll see you next Tuesday in the arena I'm Nathan Montford hashtag living the dream",NULL,NULL,NULL,NULL,0.01,"z_I",NULL,NULL,NULL
"as a former basketball player football player and youth coach I love all aspects of sports and have a genuine passion for discussing for this thanks for your time I'll see you next Tuesday in the arena I'm Nathan Montford hashtag living the dream",NULL,NULL,NULL,NULL,0.02,"d_I",NULL,NULL,NULL
"as a former basketball player football player and youth coach I love all aspects of sports and have a genuine passion for discussing for this thanks for your time I'll see you next Tuesday in the arena I'm Nathan Montford hashtag living the dream",NULL,NULL,NULL,NULL,0.07,"iy_E",NULL,NULL,NULL
"as a former basketball player football player and youth coach I love all aspects of sports and have a genuine passion for discussing for this thanks for your time I'll see you next Tuesday in the arena I'm Nathan Montford hashtag living the dream",NULL,NULL,NULL,NULL,0.04,"ih_B",NULL,NULL,NULL
"as a former basketball player football player and youth coach I love all aspects of sports and have a genuine passion for discussing for this thanks for your time I'll see you next Tuesday in the arena I'm Nathan Montford hashtag living the dream",NULL,NULL,NULL,NULL,0.01,"n_E",NULL,NULL,NULL
"as a former basketball player football player and youth coach I love all aspects of sports and have a genuine passion for discussing for this thanks for your time I'll see you next Tuesday in the arena I'm Nathan Montford hashtag living the dream",NULL,NULL,NULL,NULL,0.07,"dh_B",NULL,NULL,NULL
"as a former basketball player football player and youth coach I love all aspects of sports and have a genuine passion for discussing for this thanks for your time I'll see you next Tuesday in the arena I'm Nathan Montford hashtag living the dream",NULL,NULL,NULL,NULL,0.01,"ah_E",NULL,NULL,NULL
"as a former basketball player football player and youth coach I love all aspects of sports and have a genuine passion for discussing for this thanks for your time I'll see you next Tuesday in the arena I'm Nathan Montford hashtag living the dream",NULL,NULL,NULL,NULL,0.17,"er_B",NULL,NULL,NULL
"as a former basketball player football player and youth coach I love all aspects of sports and have a genuine passion for discussing for this thanks for your time I'll see you next Tuesday in the arena I'm Nathan Montford hashtag living the dream",NULL,NULL,NULL,NULL,0.07,"iy_I",NULL,NULL,NULL
"as a former basketball player football player and youth coach I love all aspects of sports and have a genuine passion for discussing for this thanks for your time I'll see you next Tuesday in the arena I'm Nathan Montford hashtag living the dream",NULL,NULL,NULL,NULL,0.06,"n_I",NULL,NULL,NULL
"as a former basketball player football player and youth coach I love all aspects of sports and have a genuine passion for discussing for this thanks for your time I'll see you next Tuesday in the arena I'm Nathan Montford hashtag living the dream",NULL,NULL,NULL,NULL,0.1,"ah_E",NULL,NULL,NULL
"as a former basketball player football player and youth coach I love all aspects of sports and have a genuine passion for discussing for this thanks for your time I'll see you next Tuesday in the arena I'm Nathan Montford hashtag living the dream",NULL,NULL,NULL,NULL,0.14,"ah_B",NULL,NULL,NULL
"as a former basketball player football player and youth coach I love all aspects of sports and have a genuine passion for discussing for this thanks for your time I'll see you next Tuesday in the arena I'm Nathan Montford hashtag living the dream",NULL,NULL,NULL,NULL,0.09,"m_E",NULL,NULL,NULL
"as a former basketball player football player and youth coach I love all aspects of sports and have a genuine passion for discussing for this thanks for your time I'll see you next Tuesday in the arena I'm Nathan Montford hashtag living the dream",NULL,NULL,NULL,NULL,0.07,"n_B",NULL,NULL,NULL
"as a former basketball player football player and youth coach I love all aspects of sports and have a genuine passion for discussing for this thanks for your time I'll see you next Tuesday in the arena I'm Nathan Montford hashtag living the dream",NULL,NULL,NULL,NULL,0.09,"ey_I",NULL,NULL,NULL
"as a former basketball player football player and youth coach I love all aspects of sports and have a genuine passion for discussing for this thanks for your time I'll see you next Tuesday in the arena I'm Nathan Montford hashtag living the dream",NULL,NULL,NULL,NULL,0.08,"th_I",NULL,NULL,NULL
"as a former basketball player football player and youth coach I love all aspects of sports and have a genuine passion for discussing for this thanks for your time I'll see you next Tuesday in the arena I'm Nathan Montford hashtag living the dream",NULL,NULL,NULL,NULL,0.04,"ah_I",NULL,NULL,NULL
"as a former basketball player football player and youth coach I love all aspects of sports and have a genuine passion for discussing for this thanks for your time I'll see you next Tuesday in the arena I'm Nathan Montford hashtag living the dream",NULL,NULL,NULL,NULL,0.07,"n_E",NULL,NULL,NULL
"as a former basketball player football player and youth coach I love all aspects of sports and have a genuine passion for discussing for this thanks for your time I'll see you next Tuesday in the arena I'm Nathan Montford hashtag living the dream",NULL,NULL,NULL,NULL,0.47,"oov_S",NULL,NULL,NULL
"as a former basketball player football player and youth coach I love all aspects of sports and have a genuine passion for discussing for this thanks for your time I'll see you next Tuesday in the arena I'm Nathan Montford hashtag living the dream",NULL,NULL,NULL,NULL,0.69,"oov_S",NULL,NULL,NULL
"as a former basketball player football player and youth coach I love all aspects of sports and have a genuine passion for discussing for this thanks for your time I'll see you next Tuesday in the arena I'm Nathan Montford hashtag living the dream",NULL,NULL,NULL,NULL,0.12,"l_B",NULL,NULL,NULL
"as a former basketball player football player and youth coach I love all aspects of sports and have a genuine passion for discussing for this thanks for your time I'll see you next Tuesday in the arena I'm Nathan Montford hashtag living the dream",NULL,NULL,NULL,NULL,0.06,"ih_I",NULL,NULL,NULL
"as a former basketball player football player and youth coach I love all aspects of sports and have a genuine passion for discussing for this thanks for your time I'll see you next Tuesday in the arena I'm Nathan Montford hashtag living the dream",NULL,NULL,NULL,NULL,0.04,"v_I",NULL,NULL,NULL
"as a former basketball player football player and youth coach I love all aspects of sports and have a genuine passion for discussing for this thanks for your time I'll see you next Tuesday in the arena I'm Nathan Montford hashtag living the dream",NULL,NULL,NULL,NULL,0.06,"ih_I",NULL,NULL,NULL
"as a former basketball player football player and youth coach I love all aspects of sports and have a genuine passion for discussing for this thanks for your time I'll see you next Tuesday in the arena I'm Nathan Montford hashtag living the dream",NULL,NULL,NULL,NULL,0.06,"ng_E",NULL,NULL,NULL
"as a former basketball player football player and youth coach I love all aspects of sports and have a genuine passion for discussing for this thanks for your time I'll see you next Tuesday in the arena I'm Nathan Montford hashtag living the dream",NULL,NULL,NULL,NULL,0.06,"dh_B",NULL,NULL,NULL
"as a former basketball player football player and youth coach I love all aspects of sports and have a genuine passion for discussing for this thanks for your time I'll see you next Tuesday in the arena I'm Nathan Montford hashtag living the dream",NULL,NULL,NULL,NULL,0.05,"ah_E",NULL,NULL,NULL
"as a former basketball player football player and youth coach I love all aspects of sports and have a genuine passion for discussing for this thanks for your time I'll see you next Tuesday in the arena I'm Nathan Montford hashtag living the dream",NULL,NULL,NULL,NULL,0.07,"d_B",NULL,NULL,NULL
"as a former basketball player football player and youth coach I love all aspects of sports and have a genuine passion for discussing for this thanks for your time I'll see you next Tuesday in the arena I'm Nathan Montford hashtag living the dream",NULL,NULL,NULL,NULL,0.09,"r_I",NULL,NULL,NULL
"as a former basketball player football player and youth coach I love all aspects of sports and have a genuine passion for discussing for this thanks for your time I'll see you next Tuesday in the arena I'm Nathan Montford hashtag living the dream",NULL,NULL,NULL,NULL,0.12,"iy_I",NULL,NULL,NULL
"as a former basketball player football player and youth coach I love all aspects of sports and have a genuine passion for discussing for this thanks for your time I'll see you next Tuesday in the arena I'm Nathan Montford hashtag living the dream",NULL,NULL,NULL,NULL,0.12,"m_E",NULL,NULL,NULL
